<publishData>
  <publishTarget publishUrl="c:\clarity\codeplex\facebook.claritycon.com\fbmllogincontrol\">
    <file relUrl="bin/Facebook.xml" publishTime="09/17/2009 09:29:58" />
    <file relUrl="bin/Facebook.Web.pdb" publishTime="09/17/2009 09:29:58" />
    <file relUrl="bin/Facebook.Web.xml" publishTime="09/17/2009 09:29:58" />
    <file relUrl="bin/Facebook.Web.dll" publishTime="09/17/2009 09:29:58" />
    <file relUrl="Web.config" publishTime="09/17/2009 09:24:45" />
    <file relUrl="Default.aspx" publishTime="09/17/2009 09:29:53" />
    <file relUrl="bin/FBMLSample.pdb" publishTime="09/17/2009 09:29:58" />
    <file relUrl="bin/Facebook.dll" publishTime="09/17/2009 09:29:58" />
    <file relUrl="bin/Facebook.pdb" publishTime="09/17/2009 09:29:58" />
    <file relUrl="bin/FBMLSample.dll" publishTime="09/17/2009 09:29:58" />
  </publishTarget>
</publishData>